priority,sla_breached
High,0.5909090909090909
Low,0.6438356164383562
Medium,0.5409836065573771
